Town,Population_young,at_least_one_young,percent_young,Population_old,at_least_one_old,percent_old,percent_difference,absolute_growth_apr_22,percent_growth_apr_22
Ashfield,502,165,32.86852589641434,924,627,67.85714285714286,34.98861696072852,72,3.5089362107377013
Blandford,277,81,29.241877256317693,586,384,65.52901023890784,36.287132982590144,15,3.5115387932627726
Goshen,266,45,16.917293233082706,509,228,44.79371316306485,27.876419929982138,15,3.664859594959907
Dartmouth,14644,4394,30.005462988254585,14430,10653,73.82536382536382,43.81990083710925,725,4.987493429176055
Wareham,8072,2277,28.208622398414274,11075,6692,60.424379232505636,32.21575683409137,518,5.469962213666157
Whately,462,119,25.75757575757576,736,337,45.78804347826087,20.030467720685106,34,5.505952380952387
Acushnet,3770,1297,34.40318302387268,4531,3110,68.63826969763849,34.23508667376581,229,5.517393587470238
Richmond,319,136,42.63322884012539,808,543,67.20297029702971,24.56974145690432,29,5.675998634346186
Gill,597,218,36.51591289782245,809,532,65.7601977750309,29.244284877208447,39,5.742557037349897
Granville (includes Tolland),623,152,24.398073836276087,970,474,48.8659793814433,24.467905545167213,44,5.799341397627046
Westport,5291,2082,39.34983934983936,8247,5971,72.40208560688734,33.05224625704798,388,5.8563886865087085
Chester,323,67,20.74303405572756,638,301,47.17868338557994,26.435649329852374,28,5.917291846618205
Fairhaven,5476,2132,38.93352812271731,7547,5254,69.61706638399365,30.683538261276325,368,5.928463101888013
Westfield (includes Montgomery),15812,4438,28.06729066531748,16462,9851,59.84084558376868,31.773554918451204,962,5.954884391662787
Freetown,3162,1268,40.10120177103099,3841,2695,70.16401978651393,30.06281801548294,209,6.028311333771697
Rochester,1793,763,42.554378137200224,2502,1693,67.66586730615508,25.11148916895485,128,6.09578148969949
Windsor,185,50,27.02702702702703,464,322,69.39655172413794,42.3695246971109,24,6.147483690587151
Methuen,20420,8013,39.24094025465229,19832,14541,73.32089552238807,34.079955267735784,1243,6.16572055412378
Shirley,4163,1314,31.56377612298823,2840,1881,66.23239436619717,34.66861824320894,212,6.200304154980316
Sandisfield,178,50,28.089887640449447,573,270,47.120418848167546,19.030531207718106,18,6.2395827205521925
Somerset,6346,2344,36.936653009769934,8321,5837,70.14781877178223,33.21116576201229,455,6.283450152301683
Russell,697,162,23.242467718794842,711,401,56.39943741209565,33.15696969330081,45,6.374314673898809
New Braintree,384,129,33.59375,461,331,71.80043383947941,38.20668383947941,59,6.381596274656175
East Longmeadow,5377,2316,43.07234517388879,7803,5538,70.97270280661284,27.900357632724052,408,6.4256626666172
Fitchburg,17677,4777,27.02381625841489,13717,8689,63.3447546839688,36.320938425553905,1000,6.437716741824325
Plympton,965,396,41.036269430051824,1426,936,65.63814866760168,24.60187923754986,79,6.578494139191484
Haverhill,25894,9932,38.35637599443887,24621,17001,69.05081028390399,30.694434289465114,1677,6.637940830005363
Ludlow,7735,2536,32.78603749191984,9006,6021,66.85542971352432,34.069392221604474,565,6.6713450100995715
Chicopee,22093,6322,28.61539854252479,22095,12980,58.74632269744286,30.13092415491807,1478,6.689556389549843
Danvers,9923,5017,50.55930666129195,12662,10000,78.976465013426,28.417158352134045,742,6.7102345937673675
Otis,449,105,23.38530066815145,1018,549,53.92927308447937,30.54397241632792,50,6.778871187226791
New Bedford,40118,10093,25.158283064958376,34298,20075,58.53110968569596,33.372826620737584,2528,6.806020263431215
Wales,493,91,18.45841784989858,804,436,54.22885572139303,35.77043787149446,47,6.865772557092832
Carver,4194,1539,36.69527896995708,5449,3494,64.12185722150853,27.426578251551447,330,6.874404730805516
Chesterfield,416,109,26.20192307692308,586,306,52.2184300341297,26.016506957206627,57,6.880475259427115
Peabody,19686,8797,44.686579294930404,25564,18152,71.00610233140353,26.31952303647312,1539,6.9066975518138065
Lanesborough (includes Hancock and New Ashford),1154,375,32.495667244367425,1994,1094,54.864593781344034,22.36892653697661,106,6.922152940624308
Southwick,3238,898,27.733168622606545,4631,2523,54.48067372057871,26.74750509797216,276,6.944539104504102
Egremont (includes Mount Washington),159,59,37.106918238993714,770,347,45.064935064935064,7.958016825941349,19,6.959078657191853
West Boylston,2601,1352,51.98000768935025,3936,2587,65.72662601626016,13.746618326909905,211,7.003843502967911
Hampden,1396,520,37.249283667621775,2568,1783,69.43146417445483,32.18218050683305,129,7.017602585044955
Rehoboth,4264,1297,30.417448405253282,5513,3253,59.00598585162344,28.588537446370157,341,7.030180923207624
Swansea,5515,1913,34.68721668177697,7199,4933,68.5234060286151,33.83618934683813,440,7.0408590293529585
Salisbury,2966,1066,35.94066082265678,4263,3089,72.46070842129956,36.520047598642776,256,7.092485656108181
Warren,2086,396,18.983700862895496,2011,944,46.941819990054704,27.958119127159208,145,7.122737694358882
New Marlborough,289,76,26.29757785467128,863,292,33.835457705677875,7.5378798510065925,32,7.160183956344454
Hardwick,1202,237,19.7171381031614,1267,669,52.80189423835833,33.084756135196926,89,7.165313795607702
Agawam,9803,3451,35.203509129858205,13182,8200,62.20603853739949,27.00252940754129,814,7.179192185895253
Middleborough,9359,2857,30.526765680094037,12048,6916,57.403718459495366,26.876952779401325,769,7.188854192518676
Randolph,13886,5655,40.724470689903505,12832,10304,80.2992518703242,39.574781180420686,968,7.2135729917608415
Mattapoisett,1586,796,50.1891551071879,3091,2820,91.23261080556452,41.04345569837662,154,7.2232854363418255
Groveland,2174,1105,50.82796688132475,3156,2315,73.35234474017744,22.52437785885269,185,7.235848715607773
Bourne,7339,2703,36.83063087614117,9850,8222,83.47208121827411,46.64145034213294,610,7.241905597174679
Berkley,2508,936,37.32057416267943,2698,1753,64.9740548554485,27.65348069276907,189,7.249477727609694
Monson,2831,882,31.155068880254326,3815,2382,62.43774574049803,31.2826768602437,244,7.279562121855356
Millville,1478,359,24.28958051420839,1261,641,50.83267248215702,26.543091967948637,99,7.292041134095733
Holyoke,15949,5101,31.9831964386482,13800,9059,65.64492753623189,33.6617310975837,1082,7.292824228678185
Wilbraham,4311,2053,47.62236140106704,6946,4883,70.29945292254534,22.677091521478303,384,7.323500245757046
Dighton,2845,1122,39.43760984182777,3015,1978,65.60530679933666,26.167696957508888,214,7.345580241732172
West Springfield,11635,3571,30.69187795444779,11332,6802,60.02470878926933,29.332830834821536,855,7.453540756305287
Dalton,2128,898,42.19924812030075,2974,2276,76.5299260255548,34.33067790525405,188,7.471077660526575
Templeton,3217,1011,31.42679515076157,3713,2255,60.732561271209256,29.30576612044768,261,7.490279597154235
Plymouth,22231,8980,40.394044352480776,27298,21041,77.07890687962487,36.68486252714409,1849,7.536535358810937
Springfield,65332,16137,24.69999387742607,45955,28257,61.488412577521494,36.78841870009542,4038,7.570280916894973
Longmeadow,4524,2519,55.68081343943414,6991,5450,77.95737376627092,22.27656032683678,412,7.593740897890584
Hinsdale (includes Peru),921,320,34.74484256243214,1560,919,58.910256410256395,24.165413847824265,96,7.621523427712326
South Hadley,7014,2567,36.59823210721415,7064,5160,73.04643261608153,36.44820050886738,537,7.6314932019152195
Pittsfield,15771,6666,42.267452919916295,18853,14028,74.40725613960643,32.139803219690144,1307,7.652990367831649
Beverly,16405,8110,49.43614751600121,15850,12703,80.14511041009462,30.708962894093407,1239,7.6642075538637755
North Adams (includes Clarksburg),5711,1633,28.593941516371913,5715,4135,72.35345581802275,43.759514301650846,439,7.68413797688703
Lawrence,37434,10843,28.96564620398568,23557,16065,68.19628985015069,39.23064364616501,2363,7.746042424657631
Montague,3205,1170,36.505460218408736,3695,2523,68.28146143437077,31.776001215962033,265,7.755262307921285
Townsend,3181,1223,38.447029236089286,3763,2633,69.97076800425192,31.52373876816264,270,7.758579855160804
Merrimac,2069,1020,49.29917834702755,2996,2325,77.60347129506006,28.30429294803251,196,7.768340710120327
Palmer,4458,1388,31.135038133692237,4994,3112,62.31477773327993,31.179739599587695,368,7.770904268612682
Abington,7536,3093,41.04299363057325,6524,4572,70.07970570202329,29.036712071450037,554,7.872150322636912
Greenfield (includes Leyden),6490,2827,43.559322033898304,7790,5575,71.56611039794608,28.00678836404777,558,7.8907215801539365
Orange,3010,782,25.98006644518273,3265,2109,64.59418070444104,38.614114259258315,250,7.916439840653666
Webster,6556,1807,27.56253813300793,6907,4057,58.7375126683075,31.17497453529957,535,7.9193959528373625
New Salem,212,56,26.41509433962264,482,365,75.72614107883817,49.31104673921553,28,7.922962499021381
Oxford,4913,1758,35.78261754528801,5545,3633,65.51848512173129,29.73586757644328,419,7.9484197259548
Yarmouth,6987,3009,43.06569343065693,13216,10300,77.9358353510896,34.870141920432665,723,7.993536552317323
Bridgewater,12539,4697,37.45912752213096,9804,7134,72.76621787025704,35.307090348126074,892,8.010399637992776
Lancaster,3830,1089,28.433420365535248,3064,2187,71.37728459530027,42.943864229765026,273,8.054830287206272
Worthington,194,74,38.14432989690722,660,486,73.63636363636363,35.492033739456396,34,8.063105279600123
Gardner,7773,2761,35.52039109738839,7892,5919,75.0,39.47960890261161,634,8.089901630326665
Ashby,1243,360,28.962188254223648,1418,921,64.950634696756,35.98844644253235,109,8.103886702061878
Stockbridge,461,242,52.4945770065076,1046,842,80.49713193116635,28.002554924658757,56,8.144029730032372
Kingston,4668,2239,47.96486718080549,5918,4294,72.5582967218655,24.593429541060015,422,8.153403570591877
Hanover,4666,2647,56.729532790398636,5913,4537,76.7292406561813,19.999707865782668,426,8.153610985522405
Lincoln,3784,989,26.13636363636364,2104,2591,123.14638783269962,97.01002419633598,231,8.235898198538607
Salem,19510,8651,44.34136340338289,15716,11342,72.16849071010434,27.827127306721444,1479,8.243955791934198
Douglas,3443,1155,33.54632587859425,3631,2301,63.37097218397136,29.82464630537711,292,8.246380663875378
Sheffield,943,430,45.59915164369035,1640,1125,68.59756097560977,22.998409331919422,102,8.2476139978791
Essex,1239,604,48.74899112187247,1612,1209,75.0,26.251008878127532,117,8.247866585756157
East Brookfield,863,271,31.402085747392817,893,646,72.3404255319149,40.93833978452209,73,8.299260762542204
East Bridgewater,5467,2206,40.35119809767697,5898,4037,68.44693116310614,28.095733065429172,473,8.325764569227388
Seekonk,4875,1519,31.158974358974362,6180,3629,58.72168284789643,27.56270848892207,459,8.332486930545173
Rowley,2007,925,46.08868958644744,2751,2169,78.84405670665213,32.75536712020469,197,8.333374084923065
Georgetown,3108,1487,47.84427284427285,3629,2688,74.06999173325984,26.22571888898699,277,8.353556879321559
Marshfield,8243,4416,53.572728375591424,11770,9583,81.41886151231945,27.846133136728028,813,8.379699837487351
Belchertown,5538,2449,44.221740700613935,6636,4723,71.17239300783605,26.950652307222114,503,8.398508545593572
Whitman,6141,2454,39.9609184171959,5424,3682,67.8834808259587,27.922562408762804,485,8.405746664303322
Northbridge,6863,2281,33.23619408421973,6782,4507,66.4553229135948,33.219128829375066,575,8.43255623509581
West Bridgewater,2529,1116,44.12811387900357,3176,2090,65.80604534005036,21.677931461046793,240,8.434689092671078
Mashpee,4572,1700,37.18285214348207,8260,6307,76.35593220338983,39.173080059907754,497,8.448615533227837
Charlemont (includes Hawley),449,180,40.08908685968819,772,540,69.94818652849742,29.859099668809232,121,8.517352611514042
Millbury,5166,2225,43.07007355787844,5628,4118,73.16986496090973,30.099791403031297,458,8.51925043770693
Amesbury,6158,2922,47.45047093212082,6858,5436,79.26509186351707,31.814620931396252,548,8.524391850607302
Sandwich,6371,2936,46.08381729712761,10115,7755,76.66831438457736,30.58449708744975,654,8.533939432827609
Rockport,1649,835,50.6367495451789,3771,3338,88.51763457968708,37.88088503450818,210,8.537659090898146
Blackstone,3409,1126,33.030214139043714,3517,2252,64.03184532271823,31.00163118367451,296,8.548680244211326
Uxbridge,5353,1960,36.61498225294228,6990,4427,63.33333333333333,26.718351080391045,525,8.569470357028429
Brockton,39595,12369,31.238792776865765,32239,21881,67.87121188622476,36.63241910935899,3050,8.571995555624156
Raynham,5467,2321,42.45472837022133,6005,4428,73.73855120732723,31.283822837105898,493,8.603131924542495
Marion,1315,733,55.741444866920155,2301,2075,90.17818339852238,34.436738531602224,138,8.604293388723349
Harvard,3204,880,27.46566791510612,2484,2092,84.21900161030595,56.75333369519982,248,8.608804212126145
Wenham,2031,763,37.567700640078776,1715,1308,76.26822157434404,38.700520934265256,162,8.611420934695914
Hadley,2192,945,43.11131386861314,2563,1874,73.11744049941473,30.006126630801592,202,8.620999000373061
Conway,575,221,38.43478260869565,959,726,75.70385818561,37.269075576914354,63,8.658475767330074
Fall River,36367,10244,28.168394423515824,32628,19735,60.48485962976584,32.31646520625001,3009,8.690240508827458
Winthrop,6566,3744,57.02101736216875,8736,5817,66.58653846153845,9.565521099369704,628,8.694312972031518
Newburyport,5386,3180,59.04196063869289,8715,7641,87.67641996557659,28.634459326883693,569,8.699181639826477
Avon,1578,745,47.21166032953105,1867,1304,69.84467059453671,22.63301026500566,148,8.702105748362456
Halifax,2698,1083,40.14084507042253,3297,2383,72.27782832878373,32.1369832583612,264,8.727805429065583
Worcester,85202,30330,35.59775592122251,56914,41315,72.59198088343817,36.994224962215654,6274,8.733979128674605
Gloucester,8937,4459,49.893700346872556,14555,11259,77.35486087255241,27.46116052567985,993,8.796156091995115
West Newbury,1136,735,64.70070422535211,1920,1772,92.29166666666669,27.59096244131457,122,8.798415492957758
Amherst (includes Pelham),22112,4770,21.571997105644,7802,6850,87.79800051268906,66.22600340704506,1334,8.803384860685469
Saugus,10641,5224,49.093130344892394,12141,8994,74.079565109958,24.986434765065603,988,8.823901155595237
North Reading,6084,2974,48.88231426692965,6652,4973,74.75947083583884,25.877156568909196,558,8.82774450932088
Pembroke,6702,3077,45.91166815875857,7456,5531,74.1818669527897,28.270198794031128,624,8.85496514396445
Norton,7788,2914,37.41653826399589,7712,5359,69.48910788381744,32.07256961982155,688,8.875608181114913
Harwich,3201,1650,51.546391752577314,7396,6079,82.19307733910222,30.646685586524907,405,8.91349951652819
Hanson,3916,1674,42.747701736465785,4154,3185,76.67308618199327,33.925384445527484,361,8.943531543245925
Wakefield,10465,5706,54.524605828953646,10764,8528,79.2270531400966,24.702447311142954,948,8.958698306524369
Boxford,2081,1383,66.45843344545891,3641,2704,74.26531172754738,7.806878282088476,241,8.966188244538927
Oakham,767,231,30.11734028683181,940,611,65.0,34.882659713168195,76,8.972925739965028
Norfolk,5194,2377,45.76434347323836,4806,3767,78.38119017894299,32.616846705704624,451,9.00795293266296
Cheshire,959,415,43.27424400417103,1480,1154,77.97297297297298,34.69872896880195,107,9.028407970013845
Granby,2223,820,36.88708951866847,2633,1840,69.88226357766807,32.9951740589996,221,9.030901091188554
Wilmington,8820,4503,51.05442176870748,9763,6995,71.64805899825873,20.593637229551252,837,9.060510748735965
Lenox,1190,704,59.15966386554621,2789,2392,85.76550735030476,26.605843484758548,156,9.062252365987618
Holland,987,242,24.51874366767984,1112,623,56.0251798561151,31.506436188435263,96,9.077267061730552
Hubbardston,1638,552,33.6996336996337,1998,1420,71.07107107107106,37.37143737143736,167,9.084359084359065
Rockland,7082,2944,41.570177915842976,6930,4921,71.01010101010101,29.439923094258038,638,9.097021777055659
Lakeville,3935,1583,40.2287166454892,4809,3376,70.20170513620296,29.972988490713764,392,9.098199241521698
Tewksbury,10958,5467,49.890490965504654,13360,10098,75.58383233532933,25.69334136982468,1104,9.105163919286795
Duxbury,4036,2714,67.2447968285431,7179,6068,84.52430700654688,17.279510178003775,469,9.114645996313186
Dennis,3039,1478,48.63441921684765,8245,6771,82.12249848392965,33.488079267082,435,9.161223480242995
Holbrook,4400,1946,44.22727272727273,4278,3166,74.0065451145395,29.77927238726678,402,9.255620723362654
Dudley,4963,1349,27.18114043925045,4377,2634,60.178204249485944,32.99706381023549,427,9.267275577449972
Deerfield,1805,1067,59.11357340720222,2424,2169,89.48019801980196,30.366624612599743,185,9.273127451249266
Taunton,22202,7385,33.26276911989911,22165,14255,64.31310624859012,31.050337128691005,2060,9.28659363801794
Easton,8680,4107,47.315668202764975,9182,7312,79.6340666521455,32.31839844938053,831,9.32556635051347
Dracut,12716,5346,42.041522491349475,12293,8829,71.82136175058976,29.779839259240283,1167,9.32786932732185
Auburn,5946,2935,49.36091490077363,7062,5185,73.42112715944492,24.06021225867129,603,9.373186203443552
Ware,3699,972,26.277372262773728,4088,2589,63.33170254403132,37.0543302812576,370,9.3878773498312
Adams,3009,1043,34.662678630774344,3674,2605,70.90364725095264,36.2409686201783,312,9.418469324380325
Lynn,43105,18059,41.8953717666164,30275,22756,75.1643270024773,33.26895523586089,3606,9.490329674308441
Ipswich,4025,2176,54.062111801242246,6702,5519,82.34855267084454,28.286440869602288,476,9.52376503908171
North Brookfield,1627,499,30.66994468346651,1909,1269,66.47459402828706,35.80464934482055,170,9.540741732865023
Weymouth,21399,10676,49.890181784195526,22776,17227,75.63663505444326,25.74645327024773,2094,9.547614591170571
Hull,3113,1367,43.91262447799551,5163,4168,80.72825876428432,36.81563428628881,380,9.566637106710587
Barnstable,13867,6992,50.42186485901782,22827,17738,77.70622508432994,27.284360225312124,1606,9.605701971772092
North Andover,10433,5615,53.8196108501869,11452,9150,79.89870764931891,26.079096799132014,1039,9.6150773833224
Sutton,2873,1562,54.36825617821093,4093,2885,70.48619594429512,16.117939766084188,325,9.63148904231403
Winchendon,4148,1063,25.626808100289296,4003,2556,63.85211091681239,38.225302816523104,392,9.67214560150282
Ashburnham,2165,852,39.353348729792145,2461,1755,71.31247460381958,31.959125874027443,225,9.68706275167439
Brookline,32075,15175,47.310989867498044,18863,12935,68.57339765678843,21.26240778929039,2716,9.710173975048946
Billerica,16931,7667,45.28379894867403,16936,12024,70.99669343410486,25.712894485430823,1646,9.720410110480088
Brookfield,1252,383,30.59105431309905,1663,951,57.1858087793145,26.59475446621545,148,9.748395351562586
Southampton,1936,924,47.72727272727273,2810,2132,75.87188612099645,28.144613393723727,229,9.756036587159187
Northfield,958,399,41.64926931106472,1400,1020,72.85714285714283,31.20787354607811,111,9.774082910826095
Spencer,4177,1598,38.25712233660522,4884,3282,67.19901719901719,28.94189486241197,444,9.780564838022343
Brewster,2125,1160,54.58823529411765,6264,4792,76.50063856960408,21.912403275486426,320,9.803838930208116
Clinton,5710,2362,41.36602451838879,5208,3658,70.23809523809523,28.87207071970644,538,9.82383292845978
Westminster,2568,1190,46.33956386292835,3074,2455,79.86337020169161,33.52380633876326,279,9.845310989365146
Attleboro,18209,6535,35.88884617496842,17610,11391,64.68483816013628,28.795991985167863,1765,9.86113069308913
Hatfield,1052,540,51.330798479087456,1679,1325,78.91602144133412,27.58522296224667,131,9.8611340717474
Lynnfield,3660,2496,68.1967213114754,5031,4450,88.45160007950706,20.25487876803166,409,9.886767614560242
Erving,763,369,48.361730013106154,873,688,78.80870561282933,30.44697559972317,81,9.88937079923555
Middleton,4131,1990,48.17235536189784,4275,3083,72.11695906432749,23.944603702429646,414,9.89132235090267
Reading,10167,5317,52.29664601160617,10456,8434,80.66182096403979,28.36517495243362,1019,9.914967103691225
Newbury,1808,1048,57.964601769911496,3419,2761,80.75460661011992,22.790004840208425,244,9.951222605585158
Pepperell,4235,1597,37.709563164108616,5269,3413,64.77509963940027,27.065536475291648,476,9.965369608565652
Lunenburg,3450,1691,49.01449275362319,4627,3507,75.79425113464447,26.77975838102128,391,9.969285510691805
Dedham,10087,5299,52.532963219986115,11543,8417,72.91865199688122,20.38568877689511,1062,10.006948042028284
Barre,2007,706,35.176880916791234,2204,1562,70.87114337568056,35.69426245888933,210,10.035836459867767
West Brookfield,1187,427,35.97304128053918,1758,1404,79.86348122866896,43.890439948129774,154,10.046023809318456
Hamilton,2458,1388,56.4686737184703,2982,2536,85.04359490274983,28.574921184279532,267,10.04751044918821
Topsfield,1556,1161,74.61439588688947,2833,2400,84.71584892340275,10.101453036513275,197,10.08242010023254
Paxton,1683,858,50.98039215686275,1819,1587,87.24573941726223,36.26534726039947,176,10.133217829754386
Southbridge,6660,1807,27.13213213213213,6075,3617,59.539094650205755,32.406962518073634,645,10.177733288844394
Brimfield,1262,384,30.42789223454833,1757,1120,63.745019920318725,33.317127685770394,155,10.183625921940482
Nahant,896,592,66.07142857142857,1833,1647,89.85270049099836,23.78127191956979,116,10.207943652092538
Shutesbury,576,258,44.79166666666667,822,546,66.42335766423358,21.631690997566906,66,10.211374695863753
Milford,11941,5463,45.74993719119002,10706,8262,77.17167943209415,31.42174224090413,1163,10.219679004936339
Lee,2012,948,47.117296222664024,2781,2343,84.2502696871629,37.13297346449888,234,10.228381598220835
Stoughton,9858,4830,48.99573950091297,11784,8400,71.28309572301427,22.2873562221013,1092,10.235052614746536
Upton,3219,1378,42.80832556694626,3788,2553,67.39704329461456,24.588717727668303,352,10.235114042054292
Huntington,792,259,32.70202020202021,967,664,68.66597724922441,35.963957047204204,93,10.302873617247982
Woburn,16808,8357,49.72037125178486,16076,11714,72.86638467280419,23.14601342101933,1705,10.343365148339316
Scituate,5222,3152,60.36001531980085,8521,7298,85.64722450416619,25.287209184365334,663,10.360862574365697
Manchester,1222,786,64.32078559738136,2516,2122,84.34022257551669,20.019436978135328,182,10.390261735693542
Easthampton (includes Westhampton),6701,3365,50.216385614087436,7834,5913,75.47868266530509,25.262297051217647,752,10.417169168773157
Sterling,2396,1249,52.12854757929883,3717,2846,76.56712402475114,24.438576445452306,300,10.459107480272692
Norwell,3018,2091,69.28429423459245,4767,3519,73.8200125865324,4.535718351939948,375,10.492488742810608
Bernardston,652,325,49.846625766871156,1034,983,95.06769825918762,45.221072492316466,88,10.493823498000495
Athol (includes Phillipston),5101,1391,27.26916290923349,5406,3602,66.62967073621901,39.36050782698553,555,10.494213701578104
Wendell,163,88,53.98773006134971,391,319,81.58567774936061,27.59794768801091,30,10.534573925595865
Holden,6602,3945,59.754619812178106,7521,6249,83.08735540486637,23.33273559268826,728,10.54944972616508
Swampscott,4264,2867,67.23733583489681,6301,5228,82.97095699095381,15.733621156056998,513,10.58285962530735
Bellingham,7043,2624,37.256850773817966,6659,4687,70.38594383541074,33.129093061592776,725,10.614049831877153
Canton,8280,4573,55.22946859903382,9400,7745,82.3936170212766,27.16414842224277,925,10.641946757117879
Revere,26008,12145,46.69717010150722,21543,14056,65.24625168268115,18.549081581173922,2619,10.678019466278691
Stoneham,7869,4630,58.838480111831245,9903,7661,77.36039583964455,18.521915727813308,908,10.695873495591215
Heath,100,42,42.0,370,143,38.648648648648646,-3.3513513513513544,18,10.702702702702702
Foxborough,6795,3308,48.68285504047093,7049,5722,81.17463469995744,32.491779659486504,740,10.706348527823351
Charlton,4963,1872,37.71912149909329,6039,3925,64.99420433846663,27.27508283937334,591,10.712626641318629
Ayer,3311,1541,46.5418302627605,2884,2397,83.1137309292649,36.571900666504405,333,10.728140678468066
Leicester,4153,1602,38.574524440163735,4544,3142,69.14612676056338,30.57160232039964,467,10.728970954307577
Milton,9416,5784,61.42735768903993,11390,8931,78.4108867427568,16.983529053716868,1079,10.750591338375344
Monterey,223,147,65.91928251121078,558,326,58.422939068100355,-7.496343443110425,33,10.759920921934551
Oak Bluffs,1787,510,28.539451594851705,2463,1296,52.618757612667466,24.07930601781577,219,10.780729957256582
Savoy,113,46,40.70796460176992,346,236,68.20809248554913,27.50012788377921,25,10.80106399304313
Boylston,1484,893,60.17520215633423,1961,1705,86.94543600203976,26.770233845705537,183,10.807168354338131
Sturbridge,3655,1514,41.42270861833106,4153,2909,70.04575006019745,28.623041441866388,423,10.828445344505639
North Attleborough,11789,4835,41.012808550343536,10835,8078,74.55468389478543,33.54187534444189,1229,10.849938992270765
Framingham,32206,15394,47.79854685462335,25190,20150,79.99206034140532,32.19351348678197,3195,10.860568664056402
Braintree,14847,7696,51.83538762039469,15156,12069,79.63182897862234,27.79644135822765,1631,10.899833620959669
Hudson,7877,3745,47.54348102069316,8351,6384,76.44593461860855,28.902453597915393,880,10.910197282864814
Chatham,1225,623,50.85714285714285,3914,3489,89.14154317833417,38.28440032119133,212,10.912621359223294
Marblehead,5265,3542,67.27445394112061,9258,8122,87.7295312162454,20.455077275124797,729,10.96261091508444
Warwick,143,60,41.95804195804196,398,247,62.06030150753769,20.102259549495727,26,11.013107495519556
Waltham,33445,13711,40.99566452384512,19782,14772,74.67394601152562,33.678281487680486,3073,11.030303865731923
Boston,360465,180141,49.974616120843905,185864,134386,72.30340463995181,22.328788519107903,33550,11.05897115116538
Grafton,7660,3908,51.0182767624021,7362,5352,72.69763651181745,21.67935974941535,835,11.060899134146666
Lowell,52178,17645,33.816934340143355,33795,22604,66.88563396952212,33.06869962937876,4721,11.063029144928358
Berlin,974,561,57.59753593429159,1654,1100,66.50544135429263,8.907905420001043,130,11.067687318900873
Sunderland,1989,772,38.81347410759176,1268,958,75.55205047318611,36.738576365594355,193,11.075584484380158
Groton,3732,1997,53.51018220793139,5103,3743,73.34901038604742,19.83882817811603,473,11.08319738782997
Andover,12657,6757,53.38547839140397,14027,11423,81.43580238112212,28.050323989718148,1465,11.10468287891311
Burlington,10842,5669,52.28740084855193,10813,8127,75.15953019513549,22.872129346583556,1211,11.18016271415425
Norwood,11961,6103,51.02416185937631,11836,9341,78.9202433254478,27.896081466071486,1341,11.257792201132261
Everett,22246,9697,43.5898588510294,13837,9520,68.8010406880104,25.211181836981005,2175,11.276802217955463
Leominster,15187,6386,42.049120958714695,16207,11396,70.31529585981365,28.266174901098946,1784,11.324609547003988
Dunstable,1037,491,47.34811957569913,1488,1076,72.31182795698925,24.96370838129012,143,11.36387791499466
Falmouth,8286,4076,49.19140719285542,17639,14489,82.14184477578094,32.95043758292552,1230,11.39509639082435
Rutland,3205,1806,56.34945397815913,3395,2584,76.1119293078056,19.762475329646467,380,11.571849030073125
Hingham,6537,4346,66.48309622150835,11072,8721,78.7662572254335,12.283161003925159,900,11.574772570720128
Walpole,9036,5165,57.16024789729969,10447,8179,78.29041830190484,21.130170404605146,1119,11.6648388948487
Tyngsborough,4511,2126,47.129239636444254,4813,3747,77.85165177643881,30.72241213999456,546,11.728184073255775
Concord,5641,3467,61.46073391242688,9220,7469,81.00867678958784,19.547942877160963,783,11.733531346459785
Colrain,522,208,39.84674329501915,818,574,70.17114914425427,30.32440584923512,79,11.737346485681357
Leverett,624,302,48.39743589743589,1038,764,73.60308285163777,25.205646954201875,88,11.737624129242604
Marlborough,18760,7612,40.575692963752665,15226,11121,73.03953763299619,32.46384466924352,2030,11.746338114833875
Malden,32584,14468,44.40216056960473,20803,14532,69.85530933038504,25.45314876078032,3294,11.800337933327285
Chelmsford,12588,6899,54.806164601207506,15220,11844,77.81865965834427,23.012495057136768,1610,11.866784251484546
Maynard,3967,2191,55.23065288631207,4074,3402,83.50515463917526,28.27450175286319,476,11.887764781093523
Princeton,918,557,60.67538126361657,1664,1375,82.63221153846155,21.956830274844986,139,12.016088486676722
Sharon,6098,3731,61.18399475237783,7449,6132,82.31977446637131,21.135779713993486,785,12.028400756058417
Shrewsbury,15455,7508,48.57974765448076,14522,11641,80.16113482991324,31.581387175432482,1820,12.067118370721573
Ashland,7897,4282,54.223122704824625,7036,5767,81.96418419556565,27.741061490741025,920,12.158257289722854
Medford,28437,15864,55.78647536659985,20538,14989,72.98178985295549,17.195314486355635,3169,12.160995602921133
Mansfield,8961,4459,49.76007142060038,8767,6821,77.80312535645031,28.04305393584993,1080,12.173968519554705
Northampton,12100,5918,48.90909090909091,11370,9822,86.38522427440634,37.476133365315434,1456,12.33126176613824
Great Barrington (includes Alford),2232,1514,67.831541218638,3486,3707,106.33964429145149,38.508103072813505,335,12.333589349718352
Plainfield,107,51,47.66355140186916,323,234,72.44582043343655,24.78226903156739,24,12.430195885535724
Hopedale,1982,1035,52.21997981836529,2262,1883,83.2449160035367,31.02493618517141,264,12.545446596735786
Stow,2271,1272,56.0105680317041,3170,2553,80.53627760252367,24.52570957081957,324,12.59348776994807
Becket (includes Washington),661,237,35.854765506807865,1231,751,61.007311129163284,25.152545622355422,114,12.69327054127428
Millis,2703,1617,59.82241953385128,3334,2945,88.33233353329334,28.509913999442052,379,12.726100728799835
Franklin,12357,5909,47.81904993121307,12197,9910,81.24948757891283,33.43043764769976,1566,12.749200530215518
Mendon,1852,997,53.833693304535636,2459,1868,75.96583977226516,22.13214646772952,277,12.837533387731597
Wrentham,3616,2052,56.74778761061947,4875,4183,85.8051282051282,29.05734059450873,537,12.922311095983659
Melrose,10990,6953,63.26660600545953,11428,8825,77.22261113055653,13.956005125097,1443,12.960977666717753
Holliston,4515,2843,62.96788482834993,5769,4963,86.0287744843127,23.060889655962768,649,13.112943565361633
Plainville,3668,1552,42.31188658669575,3432,2776,80.88578088578089,38.57389429908514,466,13.163776427135232
Petersham,355,145,40.84507042253522,659,483,73.2928679817906,32.44779755925537,64,13.220201329372301
Bedford,5107,2675,52.379087526923826,6384,4701,73.6372180451128,21.258130518188977,735,13.224802509504656
Medway,4538,2446,53.90039665050684,5237,4224,80.65686461714722,26.756467966640376,642,13.244241464919796
Royalston,270,102,37.77777777777778,619,418,67.52827140549273,29.750493627714953,51,13.250762879195847
West Stockbridge,254,191,75.1968503937008,756,562,74.33862433862434,-0.8582260550764573,45,13.272299295921371
Eastham,876,568,64.84018264840182,3210,2696,83.98753894080997,19.147356292408148,190,13.306234797081046
Watertown,15074,9489,62.94944938304365,12234,9624,78.6660127513487,15.716563368305053,1907,13.387043188972441
Quincy,46744,22298,47.70237891494096,36610,27286,74.53154875717017,26.82916984222921,5791,13.467711617049659
Westwood,4018,3122,77.70034843205575,6590,5544,84.12746585735964,6.427117425303892,650,13.496277373971921
Weston,2940,1917,65.20408163265307,4964,4018,80.94278807413377,15.738706441480698,474,13.612239416314495
Wayland,3935,2797,71.08005082592122,5903,5103,86.44756903269524,15.367518206774022,612,13.61254727798692
Bolton,1519,995,65.50362080315998,2169,1852,85.38497003227295,19.881349229112967,232,13.61600456003579
Winchester,6882,4380,63.64428945074106,8947,7497,83.79345031854253,20.149160867801466,1044,13.70107547020335
Orleans,1096,780,71.16788321167883,3917,3652,93.23461833035486,22.06673511867604,255,13.738308962057587
Williamstown,2688,966,35.9375,2950,2049,69.45762711864407,33.52012711864407,380,13.799889023405981
Newton,32193,20648,64.13816668219799,34870,32933,94.44508173214795,30.306915049949964,4642,14.056331333520191
Carlisle,1261,877,69.54797779540047,2308,2048,88.73483535528595,19.186857559885482,214,14.05671683638056
Natick,13491,8071,59.82506856422801,13994,11571,82.68543661569244,22.86036805146443,1920,14.062527427518603
Needham,8582,6911,80.52901421580052,12180,11322,92.9556650246305,12.42665080882999,1356,14.100107951151415
Truro,442,286,64.70588235294117,1290,1194,92.55813953488372,27.852257181942548,90,14.115542460275691
Wellfleet,742,422,56.873315363881396,1686,1640,97.27164887307235,40.39833350919096,146,14.168049547086653
Littleton,3109,1983,63.7825667417176,4269,3312,77.58257203092059,13.800005289202984,492,14.216865309390883
Somerville,46823,28015,59.83170663989922,17692,12945,73.16866380284873,13.336957162949517,5557,14.414095455203253
Westford,7487,4861,64.9258715106184,9580,7760,81.00208768267224,16.076216172053833,1193,14.527775771671585
Cambridge,68678,33714,49.08995602667522,25247,21241,84.13276824969303,35.042812223017805,8197,14.530377665340737
West Tisbury,855,367,42.92397660818714,1467,834,56.85071574642127,13.926739138234133,153,14.918379794065942
Boxborough,1772,1088,61.39954853273137,2204,1757,79.71869328493649,18.319144752205123,291,15.238556615716178
Sudbury,5013,3563,71.07520446838221,7442,6578,88.39021768341844,17.31501321503623,884,15.355340827634762
Cohasset,1982,1497,75.5297679112008,3243,2854,88.00493370336109,12.475165792160285,362,15.360850180144283
Wellesley,9875,5488,55.574683544303795,10266,9053,88.18429768166763,32.609614137363835,1568,15.686021696296223
Northborough,4477,3148,70.31494304221577,5907,5204,88.09886575249702,17.783922710281246,774,15.704018344952814
Medfield,3260,2523,77.39263803680981,4751,4154,87.43422437381605,10.041586337006237,596,15.827413795997757
Southborough,2986,2212,74.07903549899531,4236,3356,79.22568460812087,5.146649109125562,538,16.011278949229222
Westborough,7305,4461,61.06776180698152,6863,6057,88.25586478216525,27.188102975183725,1169,16.30690138461331
Chilmark (includes Aquinnah),281,233,82.91814946619219,554,608,109.74729241877256,26.82914295258037,57,16.952734560684547
Acton,8050,4781,59.39130434782609,9440,7840,83.0508474576271,23.65954310980101,1479,17.33920675860614
Arlington,17589,11318,64.3470350787424,18200,14474,79.52747252747254,15.180437448730144,3140,17.683722781283777
Chelsea,17914,8870,49.514346321312935,9424,7559,80.21010186757215,30.695755546259214,2558,17.75938823350117
Lexington,10102,6454,63.88833894278361,15198,12307,80.97776023160942,17.08942128882581,2087,18.113436134739246
Williamsburg,745,528,70.87248322147651,1251,1522,121.66266986410872,50.79018664263221,176,18.140655261026126
Hopkinton,5622,3791,67.43151903237282,6134,5407,88.14802738832735,20.71650835595453,1059,18.306679114851917
Nantucket,4860,3030,62.34567901234568,3970,3671,92.46851385390428,30.12283484155861,845,18.429320728509083
Dover,1293,1073,82.98530549110596,2351,2064,87.79242875372181,4.807123262615846,309,19.02529176671294
Belmont,10085,6140,60.88249876053546,10124,8441,83.37613591465824,22.493637154122773,1934,19.154420730781638
Sherborn,1016,787,77.46062992125984,1733,1562,90.13271783035201,12.672087909092168,245,19.91982861634507
Cummington,215,126,58.6046511627907,412,364,88.34951456310681,29.744863400316106,71,20.60187723768668
Edgartown,1420,798,56.19718309859154,1849,1694,91.61709031909142,35.419907220499866,323,20.8674654742952
Shelburne,640,526,82.1875,878,1467,167.08428246013668,84.89678246013669,167,22.324174259681087
Provincetown,603,576,95.52238805970148,1784,2067,115.86322869955157,20.340840639850086,232,26.178524418267386
Tisbury,1533,1164,75.92954990215264,1772,2512,141.7607223476298,65.83117244547715,476,29.58093500549981
